,Year,Datetime,Stage,Stadium,City,Home Team Name,Home Team Goals,Away Team Goals,Away Team Name,Win conditions,Attendance,Half-time Home Goals,Half-time Away Goals,Referee,Assistant 1,Assistant 2,RoundID,MatchID,Home Team Initials,Away Team Initials,Winner
644,2006.0,09 Jun 2006 - 18:00 ,Group A,"FIFA World Cup Stadium, Munich",Munich ,Germany,4.0,2.0,Costa Rica, ,66000.0,2.0,1.0,ELIZONDO Horacio (ARG),GARCIA Dario (ARG),OTERO Rodolfo (ARG),97410100.0,97410001.0,GER,CRC,Germany
645,2006.0,09 Jun 2006 - 21:00 ,Group A,"FIFA World Cup Stadium, Gelsenkirchen",Gelsenkirchen ,Poland,0.0,2.0,Ecuador, ,52000.0,0.0,1.0,KAMIKAWA Toru (JPN),HIROSHIMA Yoshikazu (JPN),KIM Dae Young (KOR),97410100.0,97410002.0,POL,ECU,Ecuador
646,2006.0,10 Jun 2006 - 15:00 ,Group B,"FIFA World Cup Stadium, Frankfurt",Frankfurt/Main ,England,1.0,0.0,Paraguay, ,48000.0,1.0,0.0,RODRIGUEZ Marco (MEX),CAMARGO Jose Luis (MEX),LEAL Leonel (CRC),97410100.0,97410003.0,ENG,PAR,England
647,2006.0,10 Jun 2006 - 18:00 ,Group B,"FIFA World Cup Stadium, Dortmund",Dortmund ,Trinidad and Tobago,0.0,0.0,Sweden, ,62959.0,0.0,0.0,MAIDIN Shamsul (SIN),PERMPANICH Prachya (THA),GHULOUM Eisa (UAE),97410100.0,97410004.0,TRI,SWE,Draw
648,2006.0,10 Jun 2006 - 21:00 ,Group C,"FIFA World Cup Stadium, Hamburg",Hamburg ,Argentina,2.0,1.0,Côte d’Ivoire, ,49480.0,2.0,0.0,DE BLEECKERE Frank (BEL),HERMANS Peter (BEL),VROMANS Walter (BEL),97410100.0,97410005.0,ARG,CIV,Argentina
649,2006.0,11 Jun 2006 - 15:00 ,Group C,Zentralstadion,Leipzig ,Serbia and Montenegro,0.0,1.0,Netherlands, ,43000.0,0.0,1.0,MERK Markus (GER),SCHRAER Christian (GER),SALVER Jan-Hendrik (GER),97410100.0,97410006.0,SCG,NED,Netherlands
650,2006.0,11 Jun 2006 - 18:00 ,Group D,Franken-Stadion,Nuremberg ,Mexico,3.0,1.0,Iran, ,41000.0,1.0,1.0,ROSETTI Roberto (ITA),COPELLI Cristiano (ITA),STAGNOLI Alessandro (ITA),97410100.0,97410007.0,MEX,IRN,Mexico
651,2006.0,11 Jun 2006 - 21:00 ,Group D,"FIFA World Cup Stadium, Cologne",Cologne ,Angola,0.0,1.0,Portugal, ,45000.0,0.0,1.0,LARRIONDA Jorge (URU),RIAL Walter (URU),FANDINO Pablo (URU),97410100.0,97410008.0,ANG,POR,Portugal
652,2006.0,12 Jun 2006 - 15:00 ,Group F,Fritz-Walter-Stadion,Kaiserslautern ,Australia,3.0,1.0,Japan, ,46000.0,0.0,1.0,ABD EL FATAH Essam (EGY),DANTE Dramane (MLI),NDOYE Mamadou (SEN),97410100.0,97410012.0,AUS,JPN,Australia
653,2006.0,12 Jun 2006 - 18:00 ,Group E,"FIFA World Cup Stadium, Gelsenkirchen",Gelsenkirchen ,USA,0.0,3.0,Czech Republic, ,52000.0,0.0,2.0,AMARILLA Carlos (PAR),ANDINO Amelio (PAR),BERNAL Manuel (PAR),97410100.0,97410010.0,USA,CZE,Czech Republic
654,2006.0,12 Jun 2006 - 21:00 ,Group E,"FIFA World Cup Stadium, Hanover",Hanover ,Italy,2.0,0.0,Ghana, ,43000.0,1.0,0.0,SIMON Carlos (BRA),TAVARES Aristeu (BRA),CORONA Ednilson (BRA),97410100.0,97410009.0,ITA,GHA,Italy
655,2006.0,13 Jun 2006 - 15:00 ,Group G,"FIFA World Cup Stadium, Frankfurt",Frankfurt/Main ,Korea Republic,2.0,1.0,Togo, ,48000.0,0.0,1.0,POLL Graham (ENG),SHARP Philip (ENG),TURNER Glenn (ENG),97410100.0,97410014.0,KOR,TOG,Korea Republic
656,2006.0,13 Jun 2006 - 18:00 ,Group G,Gottlieb-Daimler-Stadion,Stuttgart ,France,0.0,0.0,Switzerland, ,52000.0,0.0,0.0,IVANOV Valentin (RUS),GOLUBEV Nikolai (RUS),VOLNIN Evgueni (RUS),97410100.0,97410013.0,FRA,SUI,Draw
657,2006.0,13 Jun 2006 - 21:00 ,Group F,Olympiastadion,Berlin ,Brazil,1.0,0.0,Croatia, ,72000.0,1.0,0.0,ARCHUNDIA Benito (MEX),RAMIREZ Jose (MEX),VERGARA Hector (CAN),97410100.0,97410011.0,BRA,CRO,Brazil
658,2006.0,14 Jun 2006 - 15:00 ,Group H,Zentralstadion,Leipzig ,Spain,4.0,0.0,Ukraine, ,43000.0,2.0,0.0,BUSACCA Massimo (SUI),BURAGINA Francesco (SUI),ARNET Matthias (SUI),97410100.0,97410015.0,ESP,UKR,Spain
659,2006.0,14 Jun 2006 - 18:00 ,Group H,"FIFA World Cup Stadium, Munich",Munich ,Tunisia,2.0,2.0,Saudi Arabia, ,66000.0,1.0,0.0,SHIELD Mark (AUS),GIBSON Nathan (AUS),WILSON Ben (AUS),97410100.0,97410016.0,TUN,KSA,Draw
660,2006.0,14 Jun 2006 - 21:00 ,Group A,"FIFA World Cup Stadium, Dortmund",Dortmund ,Germany,1.0,0.0,Poland, ,65000.0,0.0,0.0,MEDINA CANTALEJO Luis (ESP),GIRALDEZ CARRASCO Victoriano (ESP),MEDINA HERNANDEZ Pedro (ESP),97410100.0,97410017.0,GER,POL,Germany
661,2006.0,15 Jun 2006 - 15:00 ,Group A,"FIFA World Cup Stadium, Hamburg",Hamburg ,Ecuador,3.0,0.0,Costa Rica, ,50000.0,1.0,0.0,CODJIA Coffi (BEN),NTAGUNGIRA Celestin (RWA),ADERODJOU Aboudou (BEN),97410100.0,97410018.0,ECU,CRC,Ecuador
662,2006.0,15 Jun 2006 - 18:00 ,Group B,Franken-Stadion,Nuremberg ,England,2.0,0.0,Trinidad and Tobago, ,41000.0,0.0,0.0,KAMIKAWA Toru (JPN),HIROSHIMA Yoshikazu (JPN),KIM Dae Young (KOR),97410100.0,97410019.0,ENG,TRI,England
663,2006.0,15 Jun 2006 - 21:00 ,Group B,Olympiastadion,Berlin ,Sweden,1.0,0.0,Paraguay, ,72000.0,0.0,0.0,MICHEL Lubos (SVK),Roman SLYSKO (SVK),BALKO Martin (SVK),97410100.0,97410020.0,SWE,PAR,Sweden
664,2006.0,16 Jun 2006 - 15:00 ,Group C,"FIFA World Cup Stadium, Gelsenkirchen",Gelsenkirchen ,Argentina,6.0,0.0,Serbia and Montenegro, ,52000.0,3.0,0.0,ROSETTI Roberto (ITA),COPELLI Cristiano (ITA),STAGNOLI Alessandro (ITA),97410100.0,97410021.0,ARG,SCG,Argentina
665,2006.0,16 Jun 2006 - 18:00 ,Group C,Gottlieb-Daimler-Stadion,Stuttgart ,Netherlands,2.0,1.0,Côte d’Ivoire, ,52000.0,2.0,1.0,RUIZ Oscar (COL),TAMAYO Fernando (ECU),NAVIA Jose (COL),97410100.0,97410022.0,NED,CIV,Netherlands
666,2006.0,16 Jun 2006 - 21:00 ,Group D,"FIFA World Cup Stadium, Hanover",Hanover ,Mexico,0.0,0.0,Angola, ,43000.0,0.0,0.0,MAIDIN Shamsul (SIN),PERMPANICH Prachya (THA),GHULOUM Eisa (UAE),97410100.0,97410023.0,MEX,ANG,Draw
667,2006.0,17 Jun 2006 - 15:00 ,Group D,"FIFA World Cup Stadium, Frankfurt",Frankfurt/Main ,Portugal,2.0,0.0,IR Iran, ,48000.0,0.0,0.0,POULAT Eric (FRA),DAGORNE Lionel (FRA),TEXIER Vincent (FRA),97410100.0,97410024.0,POR,IRN,Portugal
668,2006.0,17 Jun 2006 - 18:00 ,Group E,"FIFA World Cup Stadium, Cologne",Cologne ,Czech Republic,0.0,2.0,Ghana, ,45000.0,0.0,1.0,ELIZONDO Horacio (ARG),GARCIA Dario (ARG),OTERO Rodolfo (ARG),97410100.0,97410026.0,CZE,GHA,Ghana
669,2006.0,17 Jun 2006 - 21:00 ,Group E,Fritz-Walter-Stadion,Kaiserslautern ,Italy,1.0,1.0,USA, ,46000.0,1.0,1.0,LARRIONDA Jorge (URU),RIAL Walter (URU),FANDINO Pablo (URU),97410100.0,97410025.0,ITA,USA,Draw
670,2006.0,18 Jun 2006 - 15:00 ,Group F,Franken-Stadion,Nuremberg ,Japan,0.0,0.0,Croatia, ,41000.0,0.0,0.0,DE BLEECKERE Frank (BEL),HERMANS Peter (BEL),VROMANS Walter (BEL),97410100.0,97410028.0,JPN,CRO,Draw
671,2006.0,18 Jun 2006 - 18:00 ,Group F,"FIFA World Cup Stadium, Munich",Munich ,Brazil,2.0,0.0,Australia, ,66000.0,0.0,0.0,MERK Markus (GER),SCHRAER Christian (GER),SALVER Jan-Hendrik (GER),97410100.0,97410027.0,BRA,AUS,Brazil
672,2006.0,18 Jun 2006 - 21:00 ,Group G,Zentralstadion,Leipzig ,France,1.0,1.0,Korea Republic, ,43000.0,1.0,0.0,ARCHUNDIA Benito (MEX),RAMIREZ Jose (MEX),VERGARA Hector (CAN),97410100.0,97410029.0,FRA,KOR,Draw
673,2006.0,19 Jun 2006 - 15:00 ,Group G,"FIFA World Cup Stadium, Dortmund",Dortmund ,Togo,0.0,2.0,Switzerland, ,65000.0,0.0,1.0,AMARILLA Carlos (PAR),ANDINO Amelio (PAR),BERNAL Manuel (PAR),97410100.0,97410030.0,TOG,SUI,Switzerland
674,2006.0,19 Jun 2006 - 18:00 ,Group H,"FIFA World Cup Stadium, Hamburg",Hamburg ,Saudi Arabia,0.0,4.0,Ukraine, ,50000.0,0.0,2.0,POLL Graham (ENG),SHARP Philip (ENG),TURNER Glenn (ENG),97410100.0,97410032.0,KSA,UKR,Ukraine
675,2006.0,19 Jun 2006 - 21:00 ,Group H,Gottlieb-Daimler-Stadion,Stuttgart ,Spain,3.0,1.0,Tunisia, ,52000.0,0.0,1.0,SIMON Carlos (BRA),TAVARES Aristeu (BRA),CORONA Ednilson (BRA),97410100.0,97410031.0,ESP,TUN,Spain
676,2006.0,20 Jun 2006 - 16:00 ,Group A,Olympiastadion,Berlin ,Ecuador,0.0,3.0,Germany, ,72000.0,0.0,2.0,IVANOV Valentin (RUS),GOLUBEV Nikolai (RUS),VOLNIN Evgueni (RUS),97410100.0,97410033.0,ECU,GER,Germany
677,2006.0,20 Jun 2006 - 16:00 ,Group A,"FIFA World Cup Stadium, Hanover",Hanover ,Costa Rica,1.0,2.0,Poland, ,43000.0,1.0,1.0,MAIDIN Shamsul (SIN),PERMPANICH Prachya (THA),GHULOUM Eisa (UAE),97410100.0,97410034.0,CRC,POL,Poland
678,2006.0,20 Jun 2006 - 21:00 ,Group B,"FIFA World Cup Stadium, Cologne",Cologne ,Sweden,2.0,2.0,England, ,45000.0,0.0,1.0,BUSACCA Massimo (SUI),BURAGINA Francesco (SUI),ARNET Matthias (SUI),97410100.0,97410035.0,SWE,ENG,Draw
679,2006.0,20 Jun 2006 - 21:00 ,Group B,Fritz-Walter-Stadion,Kaiserslautern ,Paraguay,2.0,0.0,Trinidad and Tobago, ,46000.0,1.0,0.0,ROSETTI Roberto (ITA),COPELLI Cristiano (ITA),STAGNOLI Alessandro (ITA),97410100.0,97410036.0,PAR,TRI,Paraguay
680,2006.0,21 Jun 2006 - 16:00 ,Group D,Zentralstadion,Leipzig ,Iran,1.0,1.0,Angola, ,38000.0,0.0,0.0,SHIELD Mark (AUS),GIBSON Nathan (AUS),WILSON Ben (AUS),97410100.0,97410040.0,IRN,ANG,Draw
681,2006.0,21 Jun 2006 - 16:00 ,Group D,"FIFA World Cup Stadium, Gelsenkirchen",Gelsenkirchen ,Portugal,2.0,1.0,Mexico, ,52000.0,2.0,1.0,MICHEL Lubos (SVK),Roman SLYSKO (SVK),BALKO Martin (SVK),97410100.0,97410039.0,POR,MEX,Portugal
682,2006.0,21 Jun 2006 - 21:00 ,Group C,"FIFA World Cup Stadium, Frankfurt",Frankfurt/Main ,Netherlands,0.0,0.0,Argentina, ,48000.0,0.0,0.0,MEDINA CANTALEJO Luis (ESP),GIRALDEZ CARRASCO Victoriano (ESP),MEDINA HERNANDEZ Pedro (ESP),97410100.0,97410037.0,NED,ARG,Draw
683,2006.0,21 Jun 2006 - 21:00 ,Group C,"FIFA World Cup Stadium, Munich",Munich ,Côte d’Ivoire,3.0,2.0,Serbia and Montenegro, ,66000.0,1.0,2.0,RODRIGUEZ Marco (MEX),CAMARGO Jose Luis (MEX),LEAL Leonel (CRC),97410100.0,97410038.0,CIV,SCG,Côte d’Ivoire
684,2006.0,22 Jun 2006 - 16:00 ,Group E,"FIFA World Cup Stadium, Hamburg",Hamburg ,Czech Republic,0.0,2.0,Italy, ,50000.0,0.0,1.0,ARCHUNDIA Benito (MEX),RAMIREZ Jose (MEX),VERGARA Hector (CAN),97410100.0,97410041.0,CZE,ITA,Italy
685,2006.0,22 Jun 2006 - 16:00 ,Group E,Franken-Stadion,Nuremberg ,Ghana,2.0,1.0,USA, ,41000.0,2.0,1.0,MERK Markus (GER),SCHRAER Christian (GER),SALVER Jan-Hendrik (GER),97410100.0,97410042.0,GHA,USA,Ghana
686,2006.0,22 Jun 2006 - 21:00 ,Group F,"FIFA World Cup Stadium, Dortmund",Dortmund ,Japan,1.0,4.0,Brazil, ,65000.0,1.0,1.0,POULAT Eric (FRA),DAGORNE Lionel (FRA),TEXIER Vincent (FRA),97410100.0,97410043.0,JPN,BRA,Brazil
687,2006.0,22 Jun 2006 - 21:00 ,Group F,Gottlieb-Daimler-Stadion,Stuttgart ,Croatia,2.0,2.0,Australia, ,52000.0,1.0,1.0,POLL Graham (ENG),SHARP Philip (ENG),TURNER Glenn (ENG),97410100.0,97410044.0,CRO,AUS,Draw
688,2006.0,23 Jun 2006 - 16:00 ,Group H,Olympiastadion,Berlin ,Ukraine,1.0,0.0,Tunisia, ,72000.0,0.0,0.0,AMARILLA Carlos (PAR),ANDINO Amelio (PAR),BERNAL Manuel (PAR),97410100.0,97410048.0,UKR,TUN,Ukraine
689,2006.0,23 Jun 2006 - 16:00 ,Group H,Fritz-Walter-Stadion,Kaiserslautern ,Saudi Arabia,0.0,1.0,Spain, ,46000.0,0.0,1.0,CODJIA Coffi (BEN),NTAGUNGIRA Celestin (RWA),ADERODJOU Aboudou (BEN),97410100.0,97410047.0,KSA,ESP,Spain
690,2006.0,23 Jun 2006 - 21:00 ,Group G,"FIFA World Cup Stadium, Cologne",Cologne ,Togo,0.0,2.0,France, ,45000.0,0.0,0.0,LARRIONDA Jorge (URU),RIAL Walter (URU),FANDINO Pablo (URU),97410100.0,97410045.0,TOG,FRA,France
691,2006.0,23 Jun 2006 - 21:00 ,Group G,"FIFA World Cup Stadium, Hanover",Hanover ,Switzerland,2.0,0.0,Korea Republic, ,43000.0,1.0,0.0,ELIZONDO Horacio (ARG),GARCIA Dario (ARG),OTERO Rodolfo (ARG),97410100.0,97410046.0,SUI,KOR,Switzerland
692,2006.0,24 Jun 2006 - 17:00 ,Round of 16,"FIFA World Cup Stadium, Munich",Munich ,Germany,2.0,0.0,Sweden, ,66000.0,2.0,0.0,SIMON Carlos (BRA),TAVARES Aristeu (BRA),CORONA Ednilson (BRA),97410200.0,97410049.0,GER,SWE,Germany
693,2006.0,24 Jun 2006 - 21:00 ,Round of 16,Zentralstadion,Leipzig ,Argentina,2.0,1.0,Mexico,Argentina win after extra time ,43000.0,0.0,0.0,BUSACCA Massimo (SUI),BURAGINA Francesco (SUI),ARNET Matthias (SUI),97410200.0,97410050.0,ARG,MEX,Argentina
694,2006.0,25 Jun 2006 - 17:00 ,Round of 16,Gottlieb-Daimler-Stadion,Stuttgart ,England,1.0,0.0,Ecuador, ,52000.0,0.0,0.0,DE BLEECKERE Frank (BEL),HERMANS Peter (BEL),VROMANS Walter (BEL),97410200.0,97410051.0,ENG,ECU,England
695,2006.0,25 Jun 2006 - 21:00 ,Round of 16,Franken-Stadion,Nuremberg ,Portugal,1.0,0.0,Netherlands, ,41000.0,1.0,0.0,IVANOV Valentin (RUS),GOLUBEV Nikolai (RUS),VOLNIN Evgueni (RUS),97410200.0,97410052.0,POR,NED,Portugal
696,2006.0,26 Jun 2006 - 17:00 ,Round of 16,Fritz-Walter-Stadion,Kaiserslautern ,Italy,1.0,0.0,Australia, ,46000.0,0.0,0.0,MEDINA CANTALEJO Luis (ESP),GIRALDEZ CARRASCO Victoriano (ESP),MEDINA HERNANDEZ Pedro (ESP),97410200.0,97410053.0,ITA,AUS,Italy
697,2006.0,26 Jun 2006 - 21:00 ,Round of 16,"FIFA World Cup Stadium, Cologne",Cologne ,Switzerland,0.0,0.0,Ukraine,Ukraine win on penalties (0 - 3) ,45000.0,0.0,0.0,ARCHUNDIA Benito (MEX),RAMIREZ Jose (MEX),VERGARA Hector (CAN),97410200.0,97410054.0,SUI,UKR,Draw
698,2006.0,27 Jun 2006 - 17:00 ,Round of 16,"FIFA World Cup Stadium, Dortmund",Dortmund ,Brazil,3.0,0.0,Ghana, ,65000.0,2.0,0.0,MICHEL Lubos (SVK),Roman SLYSKO (SVK),BALKO Martin (SVK),97410200.0,97410055.0,BRA,GHA,Brazil
699,2006.0,27 Jun 2006 - 21:00 ,Round of 16,"FIFA World Cup Stadium, Hanover",Hanover ,Spain,1.0,3.0,France, ,43000.0,1.0,1.0,ROSETTI Roberto (ITA),COPELLI Cristiano (ITA),STAGNOLI Alessandro (ITA),97410200.0,97410056.0,ESP,FRA,France
700,2006.0,30 Jun 2006 - 17:00 ,Quarter-finals,Olympiastadion,Berlin ,Germany,1.0,1.0,Argentina,Germany win on penalties (4 - 2) ,72000.0,0.0,0.0,MICHEL Lubos (SVK),Roman SLYSKO (SVK),BALKO Martin (SVK),97410300.0,97410057.0,GER,ARG,Draw
701,2006.0,30 Jun 2006 - 21:00 ,Quarter-finals,"FIFA World Cup Stadium, Hamburg",Hamburg ,Italy,3.0,0.0,Ukraine, ,50000.0,1.0,0.0,DE BLEECKERE Frank (BEL),HERMANS Peter (BEL),VROMANS Walter (BEL),97410300.0,97410058.0,ITA,UKR,Italy
702,2006.0,01 Jul 2006 - 17:00 ,Quarter-finals,"FIFA World Cup Stadium, Gelsenkirchen",Gelsenkirchen ,England,0.0,0.0,Portugal,Portugal win on penalties (1 - 3) ,52000.0,0.0,0.0,ELIZONDO Horacio (ARG),GARCIA Dario (ARG),OTERO Rodolfo (ARG),97410300.0,97410059.0,ENG,POR,Draw
703,2006.0,01 Jul 2006 - 21:00 ,Quarter-finals,"FIFA World Cup Stadium, Frankfurt",Frankfurt/Main ,Brazil,0.0,1.0,France, ,48000.0,0.0,0.0,MEDINA CANTALEJO Luis (ESP),GIRALDEZ CARRASCO Victoriano (ESP),MEDINA HERNANDEZ Pedro (ESP),97410300.0,97410060.0,BRA,FRA,France
704,2006.0,04 Jul 2006 - 21:00 ,Semi-finals,"FIFA World Cup Stadium, Dortmund",Dortmund ,Germany,0.0,2.0,Italy,Italy win after extra time ,65000.0,0.0,0.0,ARCHUNDIA Benito (MEX),RAMIREZ Jose (MEX),VERGARA Hector (CAN),97410400.0,97410061.0,GER,ITA,Italy
705,2006.0,05 Jul 2006 - 21:00 ,Semi-finals,"FIFA World Cup Stadium, Munich",Munich ,Portugal,0.0,1.0,France, ,66000.0,0.0,1.0,LARRIONDA Jorge (URU),RIAL Walter (URU),FANDINO Pablo (URU),97410400.0,97410062.0,POR,FRA,France
706,2006.0,08 Jul 2006 - 21:00 ,Third place,Gottlieb-Daimler-Stadion,Stuttgart ,Germany,3.0,1.0,Portugal, ,52000.0,0.0,0.0,KAMIKAWA Toru (JPN),HIROSHIMA Yoshikazu (JPN),KIM Dae Young (KOR),97410500.0,97410063.0,GER,POR,Germany
707,2006.0,09 Jul 2006 - 20:00 ,Final,Olympiastadion,Berlin ,Italy,1.0,1.0,France,Italy win on penalties (5 - 3) ,69000.0,0.0,0.0,ELIZONDO Horacio (ARG),GARCIA Dario (ARG),OTERO Rodolfo (ARG),97410600.0,97410064.0,ITA,FRA,Draw
708,2010.0,11 Jun 2010 - 16:00 ,Group A,Soccer City Stadium,Johannesburg ,South Africa,1.0,1.0,Mexico, ,84490.0,0.0,0.0,Ravshan IRMATOV (UZB),ILYASOV Rafael (UZB),KOCHKAROV Bakhadyr (KGZ),249722.0,300061454.0,RSA,MEX,Draw
709,2010.0,11 Jun 2010 - 20:30 ,Group A,Cape Town Stadium,Cape Town ,Uruguay,0.0,0.0,France, ,64100.0,0.0,0.0,NISHIMURA Yuichi (JPN),SAGARA Toru (JPN),JEONG Hae Sang (KOR),249722.0,300061453.0,URU,FRA,Draw
710,2010.0,12 Jun 2010 - 13:30 ,Group B,Port Elizabeth Stadium,Nelson Mandela Bay/Port Elizabeth ,Korea Republic,2.0,0.0,Greece, ,31513.0,1.0,0.0,HESTER Michael (NZL),HINTZ Jan Hendrik (NZL),MAKASINI Tevita (TGA),249722.0,300061459.0,KOR,GRE,Korea Republic
711,2010.0,12 Jun 2010 - 16:00 ,Group B,Ellis Park Stadium,Johannesburg ,Argentina,1.0,0.0,Nigeria, ,55686.0,1.0,0.0,Wolfgang STARK (GER),SALVER Jan-Hendrik (GER),PICKEL Mike (GER),249722.0,300061460.0,ARG,NGA,Argentina
712,2010.0,12 Jun 2010 - 20:30 ,Group C,Royal Bafokeng Sports Palace,Phokeng ,England,1.0,1.0,USA, ,38646.0,1.0,1.0,SIMON Carlos (BRA),HAUSMANN Altemir (BRA),BRAATZ Roberto (BRA),249722.0,300061466.0,ENG,USA,Draw
713,2010.0,13 Jun 2010 - 13:30 ,Group C,Peter Mokaba Stadium,Polokwane ,Algeria,0.0,1.0,Slovenia, ,30325.0,0.0,0.0,BATRES Carlos (GUA),LEAL Leonel (CRC),PASTRANA Carlos (HON),249722.0,300061465.0,ALG,SVN,Slovenia
714,2010.0,13 Jun 2010 - 16:00 ,Group D,Loftus Versfeld Stadium,Tshwane/Pretoria ,Serbia,0.0,1.0,Ghana, ,38833.0,0.0,0.0,BALDASSI Hector (ARG),CASAS Ricardo (ARG),MAIDANA Hernan (ARG),249722.0,300061471.0,SRB,GHA,Ghana
715,2010.0,13 Jun 2010 - 20:30 ,Group D,Durban Stadium,Durban ,Germany,4.0,0.0,Australia, ,62660.0,2.0,0.0,RODRIGUEZ Marco (MEX),CAMARGO Jose Luis (MEX),MORIN Alberto (MEX),249722.0,300111116.0,GER,AUS,Germany
716,2010.0,14 Jun 2010 - 13:30 ,Group E,Soccer City Stadium,Johannesburg ,Netherlands,2.0,0.0,Denmark, ,83465.0,0.0,0.0,St�phane LANNOY (FRA),DANSAULT Eric (FRA),UGO Laurent (FRA),249722.0,300061478.0,NED,DEN,Netherlands
717,2010.0,14 Jun 2010 - 16:00 ,Group E,Free State Stadium,Mangaung/Bloemfontein ,Japan,1.0,0.0,Cameroon, ,30620.0,1.0,0.0,Oleg�rio BENQUEREN�A (POR),CARDINAL Jose (POR),MIRANDA Bertino (POR),249722.0,300061477.0,JPN,CMR,Japan
718,2010.0,14 Jun 2010 - 20:30 ,Group F,Cape Town Stadium,Cape Town ,Italy,1.0,1.0,Paraguay, ,62869.0,0.0,1.0,ARCHUNDIA Benito (MEX),VERGARA Hector (CAN),TORRENTERA Marvin (MEX),249722.0,300061484.0,ITA,PAR,Draw
719,2010.0,15 Jun 2010 - 13:30 ,Group F,Royal Bafokeng Sports Palace,Phokeng ,New Zealand,1.0,1.0,Slovakia, ,23871.0,0.0,0.0,DAMON Jerome (RSA),NTAGUNGIRA Celestin (RWA),MOLEFE Enock (RSA),249722.0,300061483.0,NZL,SVK,Draw
720,2010.0,15 Jun 2010 - 16:00 ,Group G,Port Elizabeth Stadium,Nelson Mandela Bay/Port Elizabeth ,Côte d’Ivoire,0.0,0.0,Portugal, ,37034.0,0.0,0.0,LARRIONDA Jorge (URU),FANDINO Pablo (URU),ESPINOSA Mauricio (URU),249722.0,300061489.0,CIV,POR,Draw
721,2010.0,15 Jun 2010 - 20:30 ,Group G,Ellis Park Stadium,Johannesburg ,Brazil,2.0,1.0,Korea DPR, ,54331.0,0.0,0.0,KASSAI Viktor (HUN),EROS Gabor (HUN),VAMOS Tibor (HUN),249722.0,300061490.0,BRA,PRK,Brazil
722,2010.0,16 Jun 2010 - 13:30 ,Group H,Mbombela Stadium,Nelspruit ,Honduras,0.0,1.0,Chile, ,32664.0,0.0,1.0,MAILLET Eddy (SEY),MENKOUANDE Evarist (CMR),HASSANI Bechir (TUN),249722.0,300061495.0,HON,CHI,Chile
723,2010.0,16 Jun 2010 - 16:00 ,Group H,Durban Stadium,Durban ,Spain,0.0,1.0,Switzerland, ,62453.0,0.0,0.0,WEBB Howard (ENG),Darren CANN (ENG),MULLARKEY Michael (ENG),249722.0,300111112.0,ESP,SUI,Switzerland
724,2010.0,16 Jun 2010 - 20:30 ,Group A,Loftus Versfeld Stadium,Tshwane/Pretoria ,South Africa,0.0,3.0,Uruguay, ,42658.0,0.0,1.0,BUSACCA Massimo (SUI),ARNET Matthias (SUI),BURAGINA Francesco (SUI),249722.0,300061452.0,RSA,URU,Uruguay
725,2010.0,17 Jun 2010 - 13:30 ,Group B,Soccer City Stadium,Johannesburg ,Argentina,4.0,1.0,Korea Republic, ,82174.0,2.0,1.0,DE BLEECKERE Frank (BEL),HERMANS Peter (BEL),VROMANS Walter (BEL),249722.0,300061458.0,ARG,KOR,Argentina
726,2010.0,17 Jun 2010 - 16:00 ,Group B,Free State Stadium,Mangaung/Bloemfontein ,Greece,2.0,1.0,Nigeria, ,31593.0,1.0,1.0,RUIZ Oscar (COL),GONZALEZ Abraham (COL),CLAVIJO Humberto (COL),249722.0,300061457.0,GRE,NGA,Greece
727,2010.0,17 Jun 2010 - 20:30 ,Group A,Peter Mokaba Stadium,Polokwane ,France,0.0,2.0,Mexico, ,35370.0,0.0,0.0,AL GHAMDI Khalil (KSA),KAMRANIFAR Hassan (IRN),AL MARZOUQI Saleh (UAE),249722.0,300061451.0,FRA,MEX,Mexico
728,2010.0,18 Jun 2010 - 13:30 ,Group D,Port Elizabeth Stadium,Nelson Mandela Bay/Port Elizabeth ,Germany,0.0,1.0,Serbia, ,38294.0,0.0,1.0,Alberto UNDIANO MALLENCO (ESP),MARTINEZ Fermin (ESP),YUSTE Juan (ESP),249722.0,300061470.0,GER,SRB,Serbia
729,2010.0,18 Jun 2010 - 16:00 ,Group C,Ellis Park Stadium,Johannesburg ,Slovenia,2.0,2.0,USA, ,45573.0,2.0,0.0,Koman COULIBALY (MLI),ACHIK Redouane (MAR),MANUEL CANDIDO Inacio (ANG),249722.0,300061463.0,SVN,USA,Draw
730,2010.0,18 Jun 2010 - 20:30 ,Group C,Cape Town Stadium,Cape Town ,England,0.0,0.0,Algeria, ,64100.0,0.0,0.0,Ravshan IRMATOV (UZB),ILYASOV Rafael (UZB),KOCHKAROV Bakhadyr (KGZ),249722.0,300061464.0,ENG,ALG,Draw
731,2010.0,19 Jun 2010 - 13:30 ,Group E,Durban Stadium,Durban ,Netherlands,1.0,0.0,Japan, ,62010.0,0.0,0.0,BALDASSI Hector (ARG),CASAS Ricardo (ARG),MAIDANA Hernan (ARG),249722.0,300111117.0,NED,JPN,Netherlands
732,2010.0,19 Jun 2010 - 16:00 ,Group D,Royal Bafokeng Sports Palace,Phokeng ,Ghana,1.0,1.0,Australia, ,34812.0,1.0,1.0,ROSETTI Roberto (ITA),CALCAGNO Paolo (ITA),AYROLDI Stefano (ITA),249722.0,300061469.0,GHA,AUS,Draw
733,2010.0,19 Jun 2010 - 20:30 ,Group E,Loftus Versfeld Stadium,Tshwane/Pretoria ,Cameroon,1.0,2.0,Denmark, ,38074.0,1.0,1.0,LARRIONDA Jorge (URU),FANDINO Pablo (URU),ESPINOSA Mauricio (URU),249722.0,300061475.0,CMR,DEN,Denmark
734,2010.0,20 Jun 2010 - 13:30 ,Group F,Free State Stadium,Mangaung/Bloemfontein ,Slovakia,0.0,2.0,Paraguay, ,26643.0,0.0,1.0,MAILLET Eddy (SEY),MENKOUANDE Evarist (CMR),HASSANI Bechir (TUN),249722.0,300061481.0,SVK,PAR,Paraguay
735,2010.0,20 Jun 2010 - 16:00 ,Group F,Mbombela Stadium,Nelspruit ,Italy,1.0,1.0,New Zealand, ,38229.0,1.0,1.0,BATRES Carlos (GUA),LEAL Leonel (CRC),PASTRANA Carlos (HON),249722.0,300061482.0,ITA,NZL,Draw
736,2010.0,20 Jun 2010 - 20:30 ,Group G,Soccer City Stadium,Johannesburg ,Brazil,3.0,1.0,Côte d’Ivoire, ,84455.0,1.0,0.0,St�phane LANNOY (FRA),DANSAULT Eric (FRA),UGO Laurent (FRA),249722.0,300061488.0,BRA,CIV,Brazil
737,2010.0,21 Jun 2010 - 13:30 ,Group G,Cape Town Stadium,Cape Town ,Portugal,7.0,0.0,Korea DPR, ,63644.0,1.0,0.0,POZO Pablo (CHI),BASUALTO Patricio (CHI),MONDRIA Francisco (CHI),249722.0,300061487.0,POR,PRK,Portugal
738,2010.0,21 Jun 2010 - 16:00 ,Group H,Port Elizabeth Stadium,Nelson Mandela Bay/Port Elizabeth ,Chile,1.0,0.0,Switzerland, ,34872.0,0.0,0.0,AL GHAMDI Khalil (KSA),KAMRANIFAR Hassan (IRN),AL MARZOUQI Saleh (UAE),249722.0,300061493.0,CHI,SUI,Chile
739,2010.0,21 Jun 2010 - 20:30 ,Group H,Ellis Park Stadium,Johannesburg ,Spain,2.0,0.0,Honduras, ,54386.0,1.0,0.0,NISHIMURA Yuichi (JPN),SAGARA Toru (JPN),JEONG Hae Sang (KOR),249722.0,300061494.0,ESP,HON,Spain
740,2010.0,22 Jun 2010 - 16:00 ,Group A,Royal Bafokeng Sports Palace,Phokeng ,Mexico,0.0,1.0,Uruguay, ,33425.0,0.0,1.0,KASSAI Viktor (HUN),EROS Gabor (HUN),VAMOS Tibor (HUN),249722.0,300061450.0,MEX,URU,Uruguay
741,2010.0,22 Jun 2010 - 16:00 ,Group A,Free State Stadium,Mangaung/Bloemfontein ,France,1.0,2.0,South Africa, ,39415.0,0.0,2.0,RUIZ Oscar (COL),GONZALEZ Abraham (COL),CLAVIJO Humberto (COL),249722.0,300061449.0,FRA,RSA,South Africa
742,2010.0,22 Jun 2010 - 20:30 ,Group B,Durban Stadium,Durban ,Nigeria,2.0,2.0,Korea Republic, ,61874.0,1.0,1.0,Oleg�rio BENQUEREN�A (POR),CARDINAL Jose (POR),MIRANDA Bertino (POR),249722.0,300111115.0,NGA,KOR,Draw
743,2010.0,22 Jun 2010 - 20:30 ,Group B,Peter Mokaba Stadium,Polokwane ,Greece,0.0,2.0,Argentina, ,38891.0,0.0,0.0,Ravshan IRMATOV (UZB),ILYASOV Rafael (UZB),KOCHKAROV Bakhadyr (KGZ),249722.0,300061455.0,GRE,ARG,Argentina
744,2010.0,23 Jun 2010 - 16:00 ,Group C,Port Elizabeth Stadium,Nelson Mandela Bay/Port Elizabeth ,Slovenia,0.0,1.0,England, ,36893.0,0.0,1.0,Wolfgang STARK (GER),SALVER Jan-Hendrik (GER),PICKEL Mike (GER),249722.0,300061462.0,SVN,ENG,England
745,2010.0,23 Jun 2010 - 16:00 ,Group C,Loftus Versfeld Stadium,Tshwane/Pretoria ,USA,1.0,0.0,Algeria, ,35827.0,0.0,0.0,DE BLEECKERE Frank (BEL),HERMANS Peter (BEL),VROMANS Walter (BEL),249722.0,300061461.0,USA,ALG,USA
746,2010.0,23 Jun 2010 - 20:30 ,Group D,Soccer City Stadium,Johannesburg ,Ghana,0.0,1.0,Germany, ,83391.0,0.0,0.0,SIMON Carlos (BRA),HAUSMANN Altemir (BRA),BRAATZ Roberto (BRA),249722.0,300061468.0,GHA,GER,Germany
747,2010.0,23 Jun 2010 - 20:30 ,Group D,Mbombela Stadium,Nelspruit ,Australia,2.0,1.0,Serbia, ,37836.0,0.0,0.0,LARRIONDA Jorge (URU),FANDINO Pablo (URU),ESPINOSA Mauricio (URU),249722.0,300061467.0,AUS,SRB,Australia
748,2010.0,24 Jun 2010 - 16:00 ,Group F,Ellis Park Stadium,Johannesburg ,Slovakia,3.0,2.0,Italy, ,53412.0,1.0,0.0,WEBB Howard (ENG),Darren CANN (ENG),MULLARKEY Michael (ENG),249722.0,300061480.0,SVK,ITA,Slovakia
749,2010.0,24 Jun 2010 - 16:00 ,Group F,Peter Mokaba Stadium,Polokwane ,Paraguay,0.0,0.0,New Zealand, ,34850.0,0.0,0.0,NISHIMURA Yuichi (JPN),SAGARA Toru (JPN),JEONG Hae Sang (KOR),249722.0,300061479.0,PAR,NZL,Draw
750,2010.0,24 Jun 2010 - 20:30 ,Group E,Royal Bafokeng Sports Palace,Phokeng ,Denmark,1.0,3.0,Japan, ,27967.0,0.0,2.0,DAMON Jerome (RSA),NTAGUNGIRA Celestin (RWA),MOLEFE Enock (RSA),249722.0,300061474.0,DEN,JPN,Japan
751,2010.0,24 Jun 2010 - 20:30 ,Group E,Cape Town Stadium,Cape Town ,Cameroon,1.0,2.0,Netherlands, ,63093.0,0.0,1.0,POZO Pablo (CHI),BASUALTO Patricio (CHI),MONDRIA Francisco (CHI),249722.0,300061473.0,CMR,NED,Netherlands
752,2010.0,25 Jun 2010 - 16:00 ,Group G,Durban Stadium,Durban ,Portugal,0.0,0.0,Brazil, ,62712.0,0.0,0.0,ARCHUNDIA Benito (MEX),VERGARA Hector (CAN),TORRENTERA Marvin (MEX),249722.0,300111111.0,POR,BRA,Draw
753,2010.0,25 Jun 2010 - 16:00 ,Group G,Mbombela Stadium,Nelspruit ,Korea DPR,0.0,3.0,Côte d’Ivoire, ,34763.0,0.0,2.0,Alberto UNDIANO MALLENCO (ESP),MARTINEZ Fermin (ESP),YUSTE Juan (ESP),249722.0,300061486.0,PRK,CIV,Côte d’Ivoire
754,2010.0,25 Jun 2010 - 20:30 ,Group H,Loftus Versfeld Stadium,Tshwane/Pretoria ,Chile,1.0,2.0,Spain, ,41958.0,0.0,2.0,RODRIGUEZ Marco (MEX),CAMARGO Jose Luis (MEX),MORIN Alberto (MEX),249722.0,300061491.0,CHI,ESP,Spain
755,2010.0,25 Jun 2010 - 20:30 ,Group H,Free State Stadium,Mangaung/Bloemfontein ,Switzerland,0.0,0.0,Honduras, ,28042.0,0.0,0.0,BALDASSI Hector (ARG),CASAS Ricardo (ARG),MAIDANA Hernan (ARG),249722.0,300061492.0,SUI,HON,Draw
756,2010.0,26 Jun 2010 - 16:00 ,Round of 16,Port Elizabeth Stadium,Nelson Mandela Bay/Port Elizabeth ,Uruguay,2.0,1.0,Korea Republic, ,30597.0,1.0,0.0,Wolfgang STARK (GER),SALVER Jan-Hendrik (GER),PICKEL Mike (GER),249717.0,300061504.0,URU,KOR,Uruguay
757,2010.0,26 Jun 2010 - 20:30 ,Round of 16,Royal Bafokeng Sports Palace,Phokeng ,USA,1.0,2.0,Ghana,Ghana win after extra time ,34976.0,0.0,0.0,KASSAI Viktor (HUN),EROS Gabor (HUN),VAMOS Tibor (HUN),249717.0,300061503.0,USA,GHA,Ghana
758,2010.0,27 Jun 2010 - 16:00 ,Round of 16,Free State Stadium,Mangaung/Bloemfontein ,Germany,4.0,1.0,England, ,40510.0,2.0,1.0,LARRIONDA Jorge (URU),FANDINO Pablo (URU),ESPINOSA Mauricio (URU),249717.0,300061501.0,GER,ENG,Germany
759,2010.0,27 Jun 2010 - 20:30 ,Round of 16,Soccer City Stadium,Johannesburg ,Argentina,3.0,1.0,Mexico, ,84377.0,2.0,0.0,ROSETTI Roberto (ITA),CALCAGNO Paolo (ITA),AYROLDI Stefano (ITA),249717.0,300061502.0,ARG,MEX,Argentina
760,2010.0,28 Jun 2010 - 16:00 ,Round of 16,Durban Stadium,Durban ,Netherlands,2.0,1.0,Slovakia, ,61962.0,1.0,0.0,Alberto UNDIANO MALLENCO (ESP),MARTINEZ Fermin (ESP),YUSTE Juan (ESP),249717.0,300111113.0,NED,SVK,Netherlands
761,2010.0,28 Jun 2010 - 20:30 ,Round of 16,Ellis Park Stadium,Johannesburg ,Brazil,3.0,0.0,Chile, ,54096.0,2.0,0.0,WEBB Howard (ENG),Darren CANN (ENG),MULLARKEY Michael (ENG),249717.0,300061500.0,BRA,CHI,Brazil
762,2010.0,29 Jun 2010 - 16:00 ,Round of 16,Loftus Versfeld Stadium,Tshwane/Pretoria ,Paraguay,0.0,0.0,Japan,Paraguay win on penalties (5 - 3) ,36742.0,0.0,0.0,DE BLEECKERE Frank (BEL),HERMANS Peter (BEL),VROMANS Walter (BEL),249717.0,300061497.0,PAR,JPN,Draw
763,2010.0,29 Jun 2010 - 20:30 ,Round of 16,Cape Town Stadium,Cape Town ,Spain,1.0,0.0,Portugal, ,62955.0,0.0,0.0,BALDASSI Hector (ARG),CASAS Ricardo (ARG),MAIDANA Hernan (ARG),249717.0,300061498.0,ESP,POR,Spain
764,2010.0,02 Jul 2010 - 16:00 ,Quarter-finals,Port Elizabeth Stadium,Nelson Mandela Bay/Port Elizabeth ,Netherlands,2.0,1.0,Brazil, ,40186.0,0.0,1.0,NISHIMURA Yuichi (JPN),SAGARA Toru (JPN),JEONG Hae Sang (KOR),249718.0,300061507.0,NED,BRA,Netherlands
765,2010.0,02 Jul 2010 - 20:30 ,Quarter-finals,Soccer City Stadium,Johannesburg ,Uruguay,1.0,1.0,Ghana,Uruguay win on penalties (4 - 2) ,84017.0,0.0,0.0,Oleg�rio BENQUEREN�A (POR),CARDINAL Jose (POR),MIRANDA Bertino (POR),249718.0,300061508.0,URU,GHA,Draw
766,2010.0,03 Jul 2010 - 16:00 ,Quarter-finals,Cape Town Stadium,Cape Town ,Argentina,0.0,4.0,Germany, ,64100.0,0.0,1.0,Ravshan IRMATOV (UZB),ILYASOV Rafael (UZB),KOCHKAROV Bakhadyr (KGZ),249718.0,300061505.0,ARG,GER,Germany
767,2010.0,03 Jul 2010 - 20:30 ,Quarter-finals,Ellis Park Stadium,Johannesburg ,Paraguay,0.0,1.0,Spain, ,55359.0,0.0,0.0,BATRES Carlos (GUA),LEAL Leonel (CRC),PASTRANA Carlos (HON),249718.0,300061506.0,PAR,ESP,Spain
768,2010.0,06 Jul 2010 - 20:30 ,Semi-finals,Cape Town Stadium,Cape Town ,Uruguay,2.0,3.0,Netherlands, ,62479.0,1.0,1.0,Ravshan IRMATOV (UZB),ILYASOV Rafael (UZB),KOCHKAROV Bakhadyr (KGZ),249719.0,300061512.0,URU,NED,Netherlands
769,2010.0,07 Jul 2010 - 20:30 ,Semi-finals,Durban Stadium,Durban ,Germany,0.0,1.0,Spain, ,60960.0,0.0,0.0,KASSAI Viktor (HUN),EROS Gabor (HUN),VAMOS Tibor (HUN),249719.0,300111114.0,GER,ESP,Spain
770,2010.0,10 Jul 2010 - 20:30 ,Match for third place,Port Elizabeth Stadium,Nelson Mandela Bay/Port Elizabeth ,Uruguay,2.0,3.0,Germany, ,36254.0,1.0,1.0,ARCHUNDIA Benito (MEX),VERGARA Hector (CAN),TORRENTERA Marvin (MEX),249720.0,300061510.0,URU,GER,Germany
771,2010.0,11 Jul 2010 - 20:30 ,Final,Soccer City Stadium,Johannesburg ,Netherlands,0.0,1.0,Spain,Spain win after extra time ,84490.0,0.0,0.0,WEBB Howard (ENG),Darren CANN (ENG),MULLARKEY Michael (ENG),249721.0,300061509.0,NED,ESP,Spain
